name,location,property,price,bedrooms,bathrooms,Pool,link
Modern Commercial Building Complex,Oranjestad,Commercial,"1,500,000",7,7,No,https://remaxaruba.com/property/details/Modern-Two-Story-Complex
Coral Shell Condominium Loft Unit 6,Oranjestad,New Listing,"1,398,400",2,4,1 m,https://remaxaruba.com/property/details/coral-shell-loft
Oranjestad Luxury Villa,Oranjestad,New Listing,"1,300,000",5,5,Yes,https://remaxaruba.com/property/details/av-milio-croes-46g
Tierra del Sol - La Colina 25,Malmok,Luxury,"1,290,000",4,3,Yes,https://remaxaruba.com/property/details/la-colina-25-2
Commercial Offices near Eagle,Oranjestad,Reduced,"1,250,000",14,6,No,https://remaxaruba.com/property/details/Medical-Offices-For-Sale
"Klip straat # 20, Ladies Choice",Oranjestad,New Listing,"1,235,955",0,5,No,https://remaxaruba.com/property/details/klip-straat-20-ladies-choice
Land near Airport,Oranjestad,,"1,200,000",1,1,No,https://remaxaruba.com/property/details/across-from-the-airport
Opal Luxury Villa 133,Noord,Luxury,"1,150,000",4,4,Yes,https://remaxaruba.com/property/details/Opal%20133%20Beautiful%20&%20Spacious
Esmeralda 121 C,Noord,New Listing,"1,150,000",5,4,Yes,https://remaxaruba.com/property/details/esmeralda-121-c
Tuscany Luxury Villa 14,Eagle Beach,New Listing,"1,145,000",4,3,Yes,https://remaxaruba.com/property/details/tuscany-residence-luxury-villa-14
Esmeralda 125,Malmok,New Listing,"1,100,000",4,3,Yes,https://remaxaruba.com/property/details/esmeralda-125
Bubali Villa Park 113-L,Noord,New Listing,"1,100,000",4,3,Yes,https://remaxaruba.com/property/details/bubali-villa-park-113-l
Divi The Residences Penthouse 42,Eagle Beach,Under Contract,"1,085,000",3,2,Yes,https://remaxaruba.com/property/details/divi-the-residences-penthouse-42
Palm Beach 514,Palm Beach,New Listing,"1,075,000",5,5,Yes,https://remaxaruba.com/property/details/palm-beach-514
Wilhelminastraat 102/104,Oranjestad,New Listing,"1,039,325",0,0,No,https://remaxaruba.com/property/details/wilhelminastraat-102
Atlantic 360,Oranjestad,New Listing,"960,705",3,3,Yes,https://remaxaruba.com/property/details/atlantic-360-Aruba
Frere Alexius,Eagle Beach,New Listing,"950,000",10,8,Yes,https://remaxaruba.com/property/details/frere-alexius
Coral Shell Condominium Unit 2,Oranjestad,New Listing,"935,611",2,2,1 m,https://remaxaruba.com/property/details/coral-shell-condominium-unit-2
Pekinini 11,Santa Cruz,Reduced,"900,000",4,4,Yes,https://remaxaruba.com/property/details/pekinini-11
Gold Coast Diamante Luxury Villa 129,Malmok,Luxury,"885,000",4,3,Yes,https://remaxaruba.com/property/details/gold-coast-diamante-129
Coral Shell Condominium Unit 13,Oranjestad,New Listing,"816,333",2,2,Yes,https://remaxaruba.com/property/details/coral-shell-condominium-ocean-view
Scopetstraat 12,Noord,New Listing,"786,517",5,5,No,https://remaxaruba.com/property/details/scopetstraat-12
Tanki Leendert Commercial Building,Oranjestad,Commercial,"773,000",5,2,No,https://remaxaruba.com/property/details/Tanki-Leendert-Commercial-Building
Piedra Plat 110-A,Paradera,Reduced,"750,000",4,3,333 m,https://remaxaruba.com/property/details/piedra-plat-110-a
The Daher Residence *** Only 3 Unites Left***,Noord,New Listing,"748,000",3,4,Yes,https://remaxaruba.com/property/details/the-daher-residence
The Daher Residence - Suite 3,Noord,New Listing,"748,000",3,4,Yes,https://remaxaruba.com/property/details/the-daher-residence-suite-3
Bubali 109 Apartment Complex,Noord,New Listing,"736,500",8,8,No,https://remaxaruba.com/property/details/bubali-109-apartment-complex
Gold Coast Luxury Villa Diamante 176,Malmok,New Listing,"720,000",4,3,Yes,https://remaxaruba.com/property/details/gold-coast-luxury-villa-diamante-176
Esmeralda 7,Malmok,Under Contract,"700,000",5,4,0 m,https://remaxaruba.com/property/details/esmeralda-2
Bakval Villa 7J,Eagle Beach,New Listing,"699,000",6,4,Yes,https://remaxaruba.com/property/details/bakval-villa-7j
Kamay Villa,Noord,New Listing,"695,000",5,3,Yes,https://remaxaruba.com/property/details/kamay-villa
Oceanfront Condo at Blue Residence,Eagle Beach,New Listing,"690,000",2,2,Yes,https://remaxaruba.com/property/details/blue-residence-312-3
Acqua Condominium 235,Palm Beach,New Listing,"690,000",2,2,Yes,https://remaxaruba.com/property/details/Acquacondo%20235
The Porta Al Sole Luxury Residences,Noord,New Listing,"685,000",3,3,No,https://remaxaruba.com/property/details/the-porta-al-sole-luxury-residences
Gold Coast Diamante Luxury Villa 134,Malmok,,"645,000",3,2,Yes,https://remaxaruba.com/property/details/gold-coast-villa-134-2
O Condominium,Eagle Beach,Luxury,"635,200",2,2,Yes,https://remaxaruba.com/property/details/o-condominium
Tuscany Daimari Water Villas Unit 60H,Palm Beach,Under Contract,"619,715",4,4,Yes,https://remaxaruba.com/property/details/tuscany-daimari-water-villas-unit-60h
Jaburibari 6,Eagle Beach,New Listing,"617,977",2,3,Yes,https://remaxaruba.com/property/details/jaburibari-6
Wariruri Condominiums 1-13,Noord,New Listing,"615,490",3,3,Yes,https://remaxaruba.com/property/details/wariruri-condominiums-1-13
Zoutmanstraat 21,Oranjestad,New Listing,"558,989",0,2,No,https://remaxaruba.com/property/details/zoutmanstraat
Caya Betico Croes 196,Oranjestad,Under Contract,"556,180",6,4,No,https://remaxaruba.com/property/details/commercial-building-in-caya-betico-croes
Divi Aruba - The Residences,Eagle Beach,New Listing,"535,000",1,2,Yes,https://remaxaruba.com/property/details/divi-aruba-the-residences-9
Jaburibari 30 D,Paradera,New Listing,"535,000",3,2,Yes,https://remaxaruba.com/property/details/jaburibari-30-d-2
Gold Coast 5 Bedroom Townhouse,Malmok,Under Contract,"520,000",6,3,Yes,https://remaxaruba.com/property/details/gold-coast-diamante-villa-93
Tuscany Daimari Water Villas unit 60-E,Palm Beach,New Listing,"520,000",2,2,Yes,https://remaxaruba.com/property/details/daimari-water-villas-unit-60-e
Palm Beach house with 4 apartments,Eagle Beach,New Listing,"498,000",6,6,1 m,https://remaxaruba.com/property/details/palm-beach-house-with-apartments
Gold Coast Diamante 95,Noord,Under Contract,"495,000",3,3,Yes,https://remaxaruba.com/property/details/gold-coast-diamante-95
Cove Condo,Palm Beach,Under Contract,"495,000",2,1,No,https://remaxaruba.com/property/details/cove-condo
Palm Aruba 107,Palm Beach,New Listing,"495,000",2,2,Yes,https://remaxaruba.com/property/details/palm-aruba-107
Washington Gardens 49 J,Noord,New Listing,"494,382",3,2,Yes,https://remaxaruba.com/property/details/washington-49-j
Tuscany Daimari Water Villas Unit 60P,Palm Beach,Under Contract,"480,000",2,2,Yes,https://remaxaruba.com/property/details/tuscany-daimari-water-villas-unit-60p
Boroncana Residence,Noord,New Listing,"480,000",7,4,No,https://remaxaruba.com/property/details/boroncana-residence
Tierra del Sol - Las Palmas 22-A,Malmok,,"475,000",3,2,No,https://remaxaruba.com/property/details/tierra-del-sol-las-palmas-22-a
Bushistraat #1,Oranjestad,New Listing,"465,000",4,3,No,https://remaxaruba.com/property/details/Bushistraat-1
Seroe Blanco 56-R,Oranjestad,Reduced,"460,674",6,3,No,https://remaxaruba.com/property/details/seroe-blanco-56-r
Blenchistraat 26 B,Oranjestad,Reduced,"460,000",5,3,Yes,https://remaxaruba.com/property/details/blenchistraat-26-b
Boroncana 239,Palm Beach,New Listing,"429,000",2,2,1 m,https://remaxaruba.com/property/details/boroncana-239
Ponton Plot,Oranjestad,New Listing,"421,348",0,0,No,https://remaxaruba.com/property/details/ponton-plot
Morgenster 41-H,Santa Cruz,New Listing,"404,494",2,2,No,https://remaxaruba.com/property/details/morgenster-51-h
Divi Golf Condo at Eagle beach,Eagle Beach,New Listing,"395,000",0,1,0 m,https://remaxaruba.com/property/details/Unique-Condo-at-Divi-Residence
Harbour House 423S,Oranjestad,New Listing,"389,000",0,0,Yes,https://remaxaruba.com/property/details/harbour-house-423s
Madiki 14 f,Oranjestad,New Listing,"382,000",4,3,No,https://remaxaruba.com/property/details/madiki-14-f
Wariruri Condominiums,Noord,New Listing,"380,800",2,2,Yes,https://remaxaruba.com/property/details/wariruri-condominiums-2
Bubali 73 D,Noord,New Listing,"375,000",2,1,No,https://remaxaruba.com/property/details/bubali-73-d
San Barbola Residence 210,Oranjestad,Under Contract,"366,000",4,2,No,https://remaxaruba.com/property/details/san-barbola-210
Property land at Rooi Hundo,San Nicolas,,"363,589",0,0,No,https://remaxaruba.com/property/details/property-land-at-rooi-hundoe
Mabon 5 H,Savaneta,New Listing,"362,365",5,4,Yes,https://remaxaruba.com/property/details/mabon-7h
Morgenster 37,Oranjestad,New Listing,"362,360",3,2,No,https://remaxaruba.com/property/details/morgenster-37
Sabana Basora 89,Savaneta,New Listing,"360,000",5,3,No,https://remaxaruba.com/property/details/sabana-basora-89
Paradera 1-E,Paradera,New Listing,"355,000",3,2,No,https://remaxaruba.com/property/details/paradera-1e
Modanza 4,Oranjestad,New Listing,"350,000",2,1,No,https://remaxaruba.com/property/details/modanza-4
San Barbola residence 208,Oranjestad,New Listing,"350,000",4,3,No,https://remaxaruba.com/property/details/san-barbola-208
Palma Real 70,Palm Beach,New Listing,"350,000",2,2,Yes,https://remaxaruba.com/property/details/palma-real-70-3
Savaneta 97,Savaneta,New Listing,"337,079",0,0,No,https://remaxaruba.com/property/details/savaneta-97
Gold Coast Diamante 122 D,Malmok,Reduced,"335,000",2,2,Yes,https://remaxaruba.com/property/details/gold-coast-diamante-122-d
Cumana 99 C,Eagle Beach,New Listing,"334,270",4,3,No,https://remaxaruba.com/property/details/cumana-99-c
Santa Cruz 186 D,Santa Cruz,New Listing,"329,500",3,3,No,https://remaxaruba.com/property/details/santa-cruz-186-d
Harbour House Aruba,Oranjestad,,"314,930",2,2,Yes,https://remaxaruba.com/property/details/bay-harbor-marina-2-2
Wayaca 317,Oranjestad,New Listing,"309,000",3,2,1 m,https://remaxaruba.com/property/details/wayaca-317
Tanki Flip 14-G,Oranjestad,Commercial,"308,988",1,2,No,https://remaxaruba.com/property/details/tanki-flip-14-g
Paradera 115 N,Paradera,New Listing,"295,600",4,2,1 m,https://remaxaruba.com/property/details/paradera-115-n
Nune #18 Paradera,Noord,New Listing,"281,000",4,2,No,https://remaxaruba.com/property/details/nune-18-paradera
Warawara Property Land,Santa Cruz,New Listing,"280,898",0,0,No,https://remaxaruba.com/property/details/warawara-property-land
Sombre 32 D,Santa Cruz,New Listing,"279,495",3,2,No,https://remaxaruba.com/property/details/sombre-32-d
Bubali 73B - A4,Noord,,"275,000",2,1,No,https://remaxaruba.com/property/details/bubali-73B
Santa Cruz 26,Santa Cruz,Under Contract,"275,000",5,4,No,https://remaxaruba.com/property/details/Santa%20Cruz%2026
Bubali 73B - A3,Noord,,"275,000",2,1,No,https://remaxaruba.com/property/details/bubali-73b-a3
Bubali 73B - A1,Noord,,"275,000",2,1,No,https://remaxaruba.com/property/details/bubali-73b-a1
Sabana Grandi  34 F,Oranjestad,New Listing,"274,800",2,2,No,https://remaxaruba.com/property/details/sabana-grandi
Rooi Koochi 62-G,San Nicolas,New Listing,"267,000",3,2,No,https://remaxaruba.com/property/details/rooi-koochi-62-g
Kudawecha 15,Noord,Reduced,"266,853",3,1,Yes,https://remaxaruba.com/property/details/kudawecha-15
San Nicolas Villa,San Nicolas,Reduced,"253,000",7,5,No,https://remaxaruba.com/property/details/Casa-golf-1
Noord Cura Cabay 146,Savaneta,New Listing,"250,000",4,3,No,https://remaxaruba.com/property/details/noord-cura-cabay-146
Ponton Property Land,Oranjestad,,"247,191",0,0,No,https://remaxaruba.com/property/details/verlenging-kibrahacha-straat
Gold Coast Andicuri,Noord,New Listing,"245,000",1,1,Yes,https://remaxaruba.com/property/details/gold-coast-andicuri
Sero Biento Z/N,Santa Cruz,Reduced,"244,000",0,0,No,https://remaxaruba.com/property/details/sero-biento-zn-2
Spechtstraat 7,Oranjestad,New Listing,"233,146",5,3,No,https://remaxaruba.com/property/details/spechtstraat-7
Paradera,Paradera,New Listing,"231,000",2,1,1 m,https://remaxaruba.com/property/details/paradera
Babijn 4-B,Oranjestad,Under Contract,"229,000",3,2,No,https://remaxaruba.com/property/details/babijn-1
Catalina Estates,Malmok,New Listing,"225,000",0,0,0 m,https://remaxaruba.com/property/details/catalina-estates-2
Private Property De Lasalle Straat,Oranjestad,Reduced,"224,719",0,0,No,https://remaxaruba.com/property/details/private-property-de-lasalle-straat
J.G. Emanstraat 78,Oranjestad,Under Contract,"220,000",6,2,No,https://remaxaruba.com/property/details/J.G.%20Emanstraat%2078
Boton Property Land With Amazing Views,Santa Cruz,New Listing,"219,765",0,0,No,https://remaxaruba.com/property/details/boton-property-land
Papilon 106-Z,Santa Cruz,Commercial,"216,500",3,3,No,https://remaxaruba.com/property/details/papilon-106-z
Sabana Basora 171,Pos Chikito,,"215,000",4,3,No,https://remaxaruba.com/property/details/sabana-basora-171-2
Wariruri Condominiums,Noord,New Listing,"198,800",1,1,Yes,https://remaxaruba.com/property/details/wariruri-condominiums
Poschiquito.,Pos Chikito,New Listing,"182,584",3,1,No,https://remaxaruba.com/property/details/poschiquito
Catiri 27 J,Noord,Under Contract,"169,000",2,2,No,https://remaxaruba.com/property/details/catiri-1
Apelsinastraat # 27,Oranjestad,Under Contract,"169,000",4,2,1 m,https://remaxaruba.com/property/details/apelsinastraat-27
Hooiberg Property Land,Hooiberg,Reduced,"150,000",0,0,0 m,https://remaxaruba.com/property/details/hooiberg-property-land-lot-2306
Alto Vista 26 W,Noord,New Listing,"149,000",1,1,Yes,https://remaxaruba.com/property/details/sabana-liber-26-w
Papaya Property Land,Paradera,New Listing,"140,449",0,0,No,https://remaxaruba.com/property/details/papaya-property-land
Scobillastraat 15,Pos Chikito,New Listing,"134,000",2,1,No,https://remaxaruba.com/property/details/scobillastraat-15
Prof Laurentzstraat 22,Oranjestad,Under Contract,"131,000",4,1,No,https://remaxaruba.com/property/details/Prof-laurentzstraat-22
Sombre Z/N,Santa Cruz,New Listing,"126,404",0,0,No,https://remaxaruba.com/property/details/sombre-zn
Sero preto 23,San Nicolas,New Listing,"126,000",4,1,No,https://remaxaruba.com/property/details/sero-preto-23
Paradera 46 R,Oranjestad,New Listing,"109,551",2,2,No,https://remaxaruba.com/property/details/paradera-46-r
Rooi koochi Residence,Savaneta,Under Contract,"99,788",0,0,No,https://remaxaruba.com/property/details/rooi-koochi-residence
Timeshare in Marriot Surf Club,Eagle Beach,New Listing,"30,000",2,2,Yes,https://remaxaruba.com/property/details/timeshare-in-marriot-surf-club
La Cabana Beach and Racquet Club,Eagle Beach,,"15,000",1,2,Yes,https://remaxaruba.com/property/details/la-cabana-beach-and-racquet-club
Barcelo,Eagle Beach,Reduced,"12,000",0,0,0 m,https://remaxaruba.com/property/details/barcelo
La Cabana Beach and Racquet Club,Eagle Beach,,"6,000",1,2,Yes,https://remaxaruba.com/property/details/la-cabana-beach-and-racquet-club-2
Lux Villa 129,Malmok,New Listing,"6,000",3,2,Yes,https://remaxaruba.com/property/details/Lux-villa-129
Gold Coast Diamante 195 G,Malmok,,"4,000",2,2,Yes,https://remaxaruba.com/property/details/diamante-195-g
RENTED - Gold Coast 236 C,Noord,Rented,"3,200",2,2,Yes,https://remaxaruba.com/property/details/gold-coast-236c
Barcadera 4 - Commercial/Storage Space,Oranjestad,,"3,200",0,0,No,https://remaxaruba.com/property/details/barcadera-4-commercialstorage-space-from-375-m2-to-875-m2
De La Sallestraat 20,Oranjestad,New Listing,"3,160",0,0,No,https://remaxaruba.com/property/details/de-la-sallestraat-20
Office Space Frankrijkstraat,Oranjestad,Reduced,"3,000",0,0,No,https://remaxaruba.com/property/details/office-space-rent-frankrijkstraat
Aruba Breeze A6,Eagle Beach,New Listing,"2,900",2,2,Yes,https://remaxaruba.com/property/details/aruba-breeze-a6
Seroe Blanco 78 v,Oranjestad,New Listing,"2,800",4,3,No,https://remaxaruba.com/property/details/sero-blanco-78-v
Rented - Washington Gardens 49 P,Noord,Rented,"2,800",3,2,Yes,https://remaxaruba.com/property/details/washington-gardens-49-p
2 Bedroom Condo near Eagle Beach,Eagle Beach,,"2,750",2,2,Yes,https://remaxaruba.com/property/details/Pearly-apartment
Gold Coast Diamante 194 C,Malmok,New Listing,"2,700",2,2,No,https://remaxaruba.com/property/details/gold-coast-diamante-194-c
RENTED - Uruguay Straat 1,Oranjestad,Rented,"2,400",3,3,No,https://remaxaruba.com/property/details/uruguay-straat-1-apartment-2
RENTED - Keito 7 Q,Eagle Beach,Rented,"2,400",3,2,No,https://remaxaruba.com/property/details/keito-7-q
Primavera 21,Oranjestad,Rented,"2,303",3,2,Yes,https://remaxaruba.com/property/details/primavera-21
Calbas 5 *RENTED*,Noord,Rented,"2,250",3,2,No,https://remaxaruba.com/property/details/calbas-5
Napa Valley 62,Noord,Rented,"2,191",3,2,Yes,https://remaxaruba.com/property/details/napa-valley-62
Gold Coast 75,Noord,Rented,"2,100",2,3,Yes,https://remaxaruba.com/property/details/gold-coast-75-2
"Diamante 122 D, Gold Coast",Malmok,New Listing,"2,100",2,2,Yes,https://remaxaruba.com/property/details/diamante-122-d-gold-coast
Kudawecha 15,Eagle Beach,New Listing,"2,100",3,1,Yes,https://remaxaruba.com/property/details/kudawecha-15-2
Matadera 5-G,Noord,Rented,"2,050",5,4,Yes,https://remaxaruba.com/property/details/matadera-5-g-2-2
Aruba's Life Condo,Noord,New Listing,"1,975",2,2,Yes,https://remaxaruba.com/property/details/arubas-life-condo-2
Paradera 85-J,Paradera,Rented,"1,966",3,2,Yes,https://remaxaruba.com/property/details/paradera-85-j
Papaya 6-H,Paradera,,"1,900",3,3,Yes,https://remaxaruba.com/property/details/papaya-6-h
Rented - Washington 168,Noord,Rented,"1,800",3,1,Yes,https://remaxaruba.com/property/details/washington-168
Sabana Basora 11 B,Pos Chikito,New Listing,"1,800",3,2,No,https://remaxaruba.com/property/details/sabana-basora-11-b
Palm Beach 92-A *RENTED*,Noord,Rented,"1,798",3,2,28 m,https://remaxaruba.com/property/details/palm-beach-92-a-2
The Palm Leaf Apartments,Noord,New Listing,"1,600",1,1,Yes,https://remaxaruba.com/property/details/the-palm-leaf-apartments
Sabana Basora Noord 217,Pos Chikito,New Listing,"1,405",3,1,No,https://remaxaruba.com/property/details/Sabana-Basora-Noord-217
Barcadera 4 - Commercial Space - 150 m2,Oranjestad,,"1,286",0,1,No,https://remaxaruba.com/property/details/barcadera-4-commercial-space-150-m2
Barcadera 4 - Office Space 125 m2,Eagle Beach,Commercial,"1,208",0,1,No,https://remaxaruba.com/property/details/barcadera-4-office-space-125-m2
RENTED - Catiri 14 B,Noord,Rented,"1,200",3,1,No,https://remaxaruba.com/property/details/catiri-14-b
Barcadera 4 - Office Space 75 m2,Oranjestad,Commercial,"1,085",0,1,No,https://remaxaruba.com/property/details/barcadera-4-office-space-75-m2
Dominicanessenstraat 23 *RENTED*,Oranjestad,Rented,899,1,1,No,https://remaxaruba.com/property/details/dominicanessestraat-23
Noord Cura Cabai 45 B,Savaneta,New Listing,859,1,1,No,https://remaxaruba.com/property/details/noord-cura-cabai-45-b
Barcadera 4 - Industrial or Commercial Land,Oranjestad,,843,0,0,No,https://remaxaruba.com/property/details/barcadera-4-industrial-or-commercial-land-250-5000-m2
Sero Preto 19 Apartment *RENTED*,Oranjestad,Rented,814,1,1,No,https://remaxaruba.com/property/details/sero-preto-19-apartment
Alto Vista Apartments - Two-Bedrooms,Eagle Beach,Rented,800,2,1,No,https://remaxaruba.com/property/details/alto-vista-apartments-two-bedrooms
BOTH UNITS RENTED - Paradera 98 E - Unit 1 and 2,Paradera,Rented,790,1,1,No,https://remaxaruba.com/property/details/paradera-98-e-unit-1-and-2
Quatz Studio Apartment/ All Included,Noord,New Listing,758,1,1,No,https://remaxaruba.com/property/details/quatz-building-apartment
Cura Cabai 123 J,San Nicolas,New Listing,714,0,1,No,https://remaxaruba.com/property/details/cura-cabai-123-j
Alto Vista Apartments - One-Bedroom,Noord,Rented,700,1,1,No,https://remaxaruba.com/property/details/alto-vista-apartments-one-bedroom
Salinja Cerca,Noord,Rented,650,1,1,No,https://remaxaruba.com/property/details/SalinjaCerca-1
Sun Flower Villas Mesonnetje,Palm Beach,New Listing,600,1,1,Yes,https://remaxaruba.com/property/details/sun-flower-villas-mesonnetje
Alto Vista Apartments - Studio,Eagle Beach,Rented,500,0,1,No,https://remaxaruba.com/property/details/alto-vista-apartments-studio
Spaans Lagoen Weg 30,Pos Chikito,New Listing,390,4,2,No,https://remaxaruba.com/property/details/spaans-lagoen-weg-30
Aruba Vibes - Palma Real 29 - Vacation Rental,Palm Beach,New Listing,296,3,2,Yes,https://remaxaruba.com/property/details/palma-real-29-2
La Mona Villa - Vacation Rental,Eagle Beach,New Listing,240,5,3,Yes,https://remaxaruba.com/property/details/villa-margarita-vacation-rental
Palma Real 69 - Vacation Rental,Palm Beach,New Listing,210,2,2,Yes,https://remaxaruba.com/property/details/palma-real-69
Cozy Wacamaya - Vacation Rental,Noord,New Listing,210,1,1,Yes,https://remaxaruba.com/property/details/cozy-wacamaya-vacation-rental
Palma Real 70 - Vacation Rental,Palm Beach,New Listing,199,2,2,Yes,https://remaxaruba.com/property/details/palma-real-70
Safir 8 - Vacation Home,Malmok,New Listing,175,3,3,Yes,https://remaxaruba.com/property/details/safir-8-vacation-home
Paradera 98 E - Studio,Eagle Beach,New Listing,69,0,1,No,https://remaxaruba.com/property/details/paradera-98-e-studio
Cumana Commercial Space,Oranjestad,New Listing,33,0,0,No,https://remaxaruba.com/property/details/cumana-commercial-space
Downtown Aruba Commercial Building & Offices For Rent,Oranjestad,Commercial,15,0,0,No,https://remaxaruba.com/property/details/commercial-building-offices-for-rent
Medical Office Spaces for Rent,Oranjestad,New Listing,0,14,6,No,https://remaxaruba.com/property/details/Caya-Dr-J.E.M-Arends-Office-Spaces
Dr. J.E.M. Arendsstraat 18 - Eagle Beach,Eagle Beach,New Listing,,0,1,No,https://remaxaruba.com/property/details/Arendsstraat-18
